1,lcours0,tL7cjxw2kW,gfrancom0@salon.com,7-(186)712-3354
2,mjosephy1,kJkYTBsVQRMG,arackam1@zdnet.com,62-(577)875-8373
3,ccrate2,H62M1L,lrachuig2@illinois.edu,66-(828)192-2422
4,jmercy3,krjrtu,jschroeder3@usatoday.com,1-(888)522-8006
5,achazotte4,s311CjSA5GJr,wotley4@ca.gov,62-(163)205-4906
6,mcallery5,k9CfJm,jboldry5@comcast.net,86-(114)983-2730
7,lborder6,bNlx3lKT,hwetwood6@businesswire.com,33-(484)554-2366
8,jfagan7,d7htp1TwzoS,ohartshorne7@jugem.jp,86-(895)983-5935
9,bmarfell8,ZNUSC6X,tdibdall8@psu.edu,380-(420)350-8160
10,sgeffen9,H5K4Pwp,fachurch9@cam.ac.uk,55-(990)570-8316
11,descolmea,gRw0CvQAYLib,nhopfnera@ted.com,86-(875)570-7556
12,htreadawayb,V9F8OKWIi,lhaeslierb@yellowbook.com,963-(616)220-2112
13,arendbaekc,YnrXvcC4qhIw,yalenshevc@bigcartel.com,996-(394)768-9347
14,mwelburnd,EtFj7Isi,tohogand@instagram.com,351-(876)132-8381
15,cewinse,WVGweIE6D,gseamanse@google.com,33-(463)428-4752
16,mcallarf,AWQ3qV1,lhayballf@surveymonkey.com,84-(380)222-6240
17,jthayg,OR5kJBQn,adang@google.ru,675-(476)893-0428
18,mvanth,2i80ZU5Wy,mbiesingerh@tmall.com,86-(624)901-3143
19,kglasscocki,RHfcFzssH,tbramei@merriam-webster.com,420-(511)920-9584
20,gyeendj,rbwCxiWbRY,jshelleyj@ocn.ne.jp,57-(253)882-8295
21,hwimbridgek,kmGAd36Yh,lbeggik@tumblr.com,98-(716)285-0665
22,rgreestl,KVdZZrPq,rlaughtissel@rediff.com,81-(317)524-5785
23,aolnerm,gsS8LEcWZv5,mdennettm@huffingtonpost.com,420-(478)722-3137
24,jtrustien,8Yoio5C,dboldtn@dell.com,86-(229)834-7690
25,akleinlerero,PZQGDk6,mmaudleno@msn.com,86-(404)157-4204
